id,name,oid
4000,语言与思维,367611902371532800_wx
4001,教育与教育学,367611902543499264_wx
4002,教育概述,367611176748560384_wx
4003,情绪情感与意志,367611902392504320_wx
4004,教育学概述,367611176748560385_wx
4005,需要与动机,367611902413475840_wx
4006,教育与发展,367611902589636608_wx
4007,能力,367611902434447360_wx
4008,教育的产生与发展,367611176748560386_wx
4009,人格,367611902451224576_wx
4010,教育与人的发展,367611176748560387_wx
4011,心理发展与认知差异,367611902472196096_wx
4012,教育与社会发展,367611176748560388_wx
4013,学习心理,367611902493167616_wx
4014,全民教育与终身学习,367611176748560389_wx
4015,社会心理,367611902509944832_wx
4016,教育目的,367611902677716992_wx
4017,心理健康教育与心理辅导,367611902530916352_wx
4018,教育目的的意义与性质,367611176748560390_wx
4019,教育目的的价值取向,367611176748560391_wx
4020,中国教育目的的发展,367611176748560392_wx
4021,教育制度与教育政策,367611902761603072_wx
4022,教育制度概述,367611176748560393_wx
4023,中国教育制度,367611176748560394_wx
4024,中国教育政策,367611176748560395_wx
4025,学生及其发展,367611902828711936_wx
4026,学生,367611176748560396_wx
4027,学生发展与教育,367611176748560397_wx
4028,教师,367611902870654976_wx
4029,教师职业概述,367611176748560398_wx
4030,教师的专业素养与专业发展,367611176748560399_wx
4031,教师学习共同体与教师发展,367611176748560400_wx
4032,课程与课程开发,367611902937763840_wx
4033,课程概述,367611176748560401_wx
4034,课程开发,367611176748560402_wx
4035,课程与教学实施,367611902983901184_wx
4036,课程实施,367611176748560403_wx
4037,教学过程,367611176748560404_wx
4038,教学原则,367611176748560405_wx
4039,教育的基本规律,367611902107291648_wx
4040,教学方法,367611176748560406_wx
4041,教育目的与教育制度,367611902124068864_wx
4042,教学设计,367611176748560407_wx
4043,教师与学生,367611902145040384_wx
4044,教学工作的基本环节,367611176748560408_wx
4045,课程,367611902161817600_wx
4046,学校德育,367611903105536000_wx
4047,教学,367611902182789120_wx
4048,德育概述,367611176748560409_wx
4049,德育,367611902199566336_wx
4050,德育的内容与原则,367611176748560410_wx
4051,班级管理与班主任工作,367611902216343552_wx
4052,德育过程,367611176748560411_wx
4053,课外、校外教育,367611902237315072_wx
4054,德育方法与途径,367611176748560412_wx
4055,教育研究及其方法,367611902254092288_wx
4056,德育模式,367611176748560413_wx
4057,心理学概述,367611902279258112_wx
4058,德育资源,367611176748560414_wx
4059,注意,367611902296035328_wx
4060,教育测量与评价,367611903231365120_wx
4061,感觉与知觉,367611902317006848_wx
4062,教育测量,367611903243948032_wx
4063,记忆,367611902333784064_wx
4064,教育评价,367611903260725248_wx
4065,表象与想象,367611902354755584_wx
4066,学生评价,367611903281696768_wx
4067,教育研究概述,367611903306862592_wx
4068,教育研究方法,367611903294279680_wx
4069,中小学教师常用的研究方法,367611903327834112_wx
4070,第一部分教育学,367611902073737216_wx
4071,第二部分心理学,367611902266675200_wx
4072,教师评价,370148621146931200_wx
4073,学校办学水平评价,370148700759011328_wx
4074,教学组织形式,370867766217949184_wx
4075,教学理论流派,370869425228795904_wx
4076,师生关系,375963545752420352_wx
